[
    {
      "name": "Calee Gasca",
      "phoneNumber": "0181123117",
      "vaccinationStatus": 1
    },
    {
      "name": "Louis Flowers",
      "phoneNumber": "0164037567",
      "vaccinationStatus": 1
    },
    {
      "name": "Sonny Medeiros",
      "phoneNumber": "0164866775",
      "vaccinationStatus": 1
    },
    {
      "name": "Jocelynn Overton",
      "phoneNumber": "0142861408",
      "vaccinationStatus": 1
    },
    {
      "name": "Jaydyn Hageman",
      "phoneNumber": "0198461002",
      "vaccinationStatus": 1
    },
    {
      "name": "Jocelyne Caro",
      "phoneNumber": "0198956289",
      "vaccinationStatus": 1
    },
    {
      "name": "Kyiah Kayser",
      "phoneNumber": "0162219088",
      "vaccinationStatus": 1
    },
    {
      "name": "Yair Alarcon",
      "phoneNumber": "0142141701",
      "vaccinationStatus": 1
    },
    {
      "name": "Caeden Bostick",
      "phoneNumber": "0145138883",
      "vaccinationStatus": 1
    },
    {
      "name": "Virgil Ostrowski",
      "phoneNumber": "0161439941",
      "vaccinationStatus": 1
    },
    {
      "name": "Aaron Diaz",
      "phoneNumber": "0182596652",
      "vaccinationStatus": 1
    },
    {
      "name": "Josiah Cruz",
      "phoneNumber": "0124727286",
      "vaccinationStatus": 1
    },
    {
      "name": "Alasia Wargo",
      "phoneNumber": "0127959634",
      "vaccinationStatus": 1
    },
    {
      "name": "Sydnie Rost",
      "phoneNumber": "0167293086",
      "vaccinationStatus": 1
    },
    {
      "name": "Harlem Sun",
      "phoneNumber": "0145885311",
      "vaccinationStatus": 1
    },
    {
      "name": "Rashard Wen",
      "phoneNumber": "0146164244",
      "vaccinationStatus": 1
    },
    {
      "name": "Graeme Turpin",
      "phoneNumber": "0148606249",
      "vaccinationStatus": 1
    },
    {
      "name": "Angel Gates",
      "phoneNumber": "0164668913",
      "vaccinationStatus": 1
    },
    {
      "name": "Zaara Lagunas",
      "phoneNumber": "0124834931",
      "vaccinationStatus": 1
    },
    {
      "name": "Jahaziel Hinman",
      "phoneNumber": "0196699907",
      "vaccinationStatus": 1
    },
    {
      "name": "Kayleen Trahan",
      "phoneNumber": "0142215587",
      "vaccinationStatus": 1
    },
    {
      "name": "Tea Boldt",
      "phoneNumber": "0121099848",
      "vaccinationStatus": 1
    },
    {
      "name": "Arianah Mapp",
      "phoneNumber": "0162392414",
      "vaccinationStatus": 1
    },
    {
      "name": "Kinnley Towle",
      "phoneNumber": "0164355832",
      "vaccinationStatus": 1
    },
    {
      "name": "Maiyah Ensley",
      "phoneNumber": "0196338913",
      "vaccinationStatus": 1
    },
    {
      "name": "Haizley Isley",
      "phoneNumber": "0166974260",
      "vaccinationStatus": 1
    },
    {
      "name": "Payten Winchester",
      "phoneNumber": "0184135806",
      "vaccinationStatus": 1
    },
    {
      "name": "Maizy Spalding",
      "phoneNumber": "0197942618",
      "vaccinationStatus": 1
    },
    {
      "name": "Viktoria Hodgson",
      "phoneNumber": "0191098857",
      "vaccinationStatus": 1
    },
    {
      "name": "Raylie Mcalpin",
      "phoneNumber": "0123842448",
      "vaccinationStatus": 1
    },
    {
      "name": "Jediah Markowski",
      "phoneNumber": "0127064869",
      "vaccinationStatus": 1
    },
    {
      "name": "Kye Borden",
      "phoneNumber": "0143671454",
      "vaccinationStatus": 1
    },
    {
      "name": "Darey Pendergast",
      "phoneNumber": "0145767527",
      "vaccinationStatus": 1
    },
    {
      "name": "Nakai Crossman",
      "phoneNumber": "0143625695",
      "vaccinationStatus": 1
    },
    {
      "name": "Joud Heron",
      "phoneNumber": "0122335497",
      "vaccinationStatus": 1
    },
    {
      "name": "Zeppelin Laplante",
      "phoneNumber": "0145255660",
      "vaccinationStatus": 1
    },
    {
      "name": "Heba Roemer",
      "phoneNumber": "0165863577",
      "vaccinationStatus": 1
    },
    {
      "name": "Taylen Badillo",
      "phoneNumber": "0121293382",
      "vaccinationStatus": 1
    },
    {
      "name": "Adilynn Siegel",
      "phoneNumber": "0181391838",
      "vaccinationStatus": 1
    },
    {
      "name": "Brycen Petty",
      "phoneNumber": "0142558265",
      "vaccinationStatus": 1
    },
    {
      "name": "Maylynn Oyler",
      "phoneNumber": "0129839846",
      "vaccinationStatus": 1
    },
    {
      "name": "Saida Strack",
      "phoneNumber": "0199458631",
      "vaccinationStatus": 1
    },
    {
      "name": "Eleen Alfano",
      "phoneNumber": "0127326697",
      "vaccinationStatus": 1
    },
    {
      "name": "Avyan Byerly",
      "phoneNumber": "0124106270",
      "vaccinationStatus": 1
    },
    {
      "name": "Demond Harness",
      "phoneNumber": "0169181243",
      "vaccinationStatus": 1
    },
    {
      "name": "Sylvie Ruth",
      "phoneNumber": "0181728879",
      "vaccinationStatus": 1
    },
    {
      "name": "Kristian Barrios",
      "phoneNumber": "0182967462",
      "vaccinationStatus": 1
    },
    {
      "name": "Eliot Durrett",
      "phoneNumber": "0128158670",
      "vaccinationStatus": 1
    },
    {
      "name": "Torrance Dinardo",
      "phoneNumber": "0184244567",
      "vaccinationStatus": 1
    },
    {
      "name": "Oliva Buzzard",
      "phoneNumber": "0184952243",
      "vaccinationStatus": 1
    },
    {
      "name": "Arabelle Monk",
      "phoneNumber": "0162137659",
      "vaccinationStatus": 1
    },
    {
      "name": "Witten Gearhart",
      "phoneNumber": "0167452613",
      "vaccinationStatus": 1
    },
    {
      "name": "Ella Cooper",
      "phoneNumber": "0186778486",
      "vaccinationStatus": 1
    },
    {
      "name": "Cypress Livengood",
      "phoneNumber": "0194806994",
      "vaccinationStatus": 1
    },
    {
      "name": "Dalayza Spitz",
      "phoneNumber": "0124586502",
      "vaccinationStatus": 1
    },
    {
      "name": "Azura Blackmore",
      "phoneNumber": "0166229774",
      "vaccinationStatus": 1
    },
    {
      "name": "Nathanael Villalobos",
      "phoneNumber": "0185282016",
      "vaccinationStatus": 1
    },
    {
      "name": "Sanaa Watt",
      "phoneNumber": "0194245359",
      "vaccinationStatus": 1
    },
    {
      "name": "Jakayden Manis",
      "phoneNumber": "0128362940",
      "vaccinationStatus": 1
    },
    {
      "name": "Rogue Rutland",
      "phoneNumber": "0167372171",
      "vaccinationStatus": 1
    },
    {
      "name": "Eli Creasy",
      "phoneNumber": "0167719722",
      "vaccinationStatus": 1
    },
    {
      "name": "Dex Whisenhunt",
      "phoneNumber": "0122649167",
      "vaccinationStatus": 1
    },
    {
      "name": "Emalee Moua",
      "phoneNumber": "0166951372",
      "vaccinationStatus": 1
    },
    {
      "name": "Korbin Hamm",
      "phoneNumber": "0191525890",
      "vaccinationStatus": 1
    },
    {
      "name": "Londyn Nord",
      "phoneNumber": "0143071450",
      "vaccinationStatus": 1
    },
    {
      "name": "Geovanni Ahrens",
      "phoneNumber": "0195032256",
      "vaccinationStatus": 1
    },
    {
      "name": "Juelz Boudreaux",
      "phoneNumber": "0165344222",
      "vaccinationStatus": 1
    },
    {
      "name": "Anh Stelly",
      "phoneNumber": "0164914734",
      "vaccinationStatus": 1
    },
    {
      "name": "Grant Shelton",
      "phoneNumber": "0196583438",
      "vaccinationStatus": 1
    },
    {
      "name": "Austyn Mccune",
      "phoneNumber": "0163075543",
      "vaccinationStatus": 1
    },
    {
      "name": "Aaniyah Ligon",
      "phoneNumber": "0199229429",
      "vaccinationStatus": 1
    },
    {
      "name": "Avalee Leighton",
      "phoneNumber": "0143094207",
      "vaccinationStatus": 1
    },
    {
      "name": "Aries Orlando",
      "phoneNumber": "0192488579",
      "vaccinationStatus": 1
    },
    {
      "name": "Lara Link",
      "phoneNumber": "0188313063",
      "vaccinationStatus": 1
    },
    {
      "name": "Cameron Costello",
      "phoneNumber": "0129319877",
      "vaccinationStatus": 1
    },
    {
      "name": "Jhett Volk",
      "phoneNumber": "0192052832",
      "vaccinationStatus": 1
    },
    {
      "name": "Ainslee Blackwood",
      "phoneNumber": "0198382365",
      "vaccinationStatus": 1
    },
    {
      "name": "Blair Reyna",
      "phoneNumber": "0143577528",
      "vaccinationStatus": 1
    },
    {
      "name": "Kingston Williamson",
      "phoneNumber": "0162634640",
      "vaccinationStatus": 1
    },
    {
      "name": "Kiran Eskridge",
      "phoneNumber": "0189337801",
      "vaccinationStatus": 1
    },
    {
      "name": "Harris Seals",
      "phoneNumber": "0186242483",
      "vaccinationStatus": 1
    },
    {
      "name": "Marwan Gandhi",
      "phoneNumber": "0187291483",
      "vaccinationStatus": 1
    },
    {
      "name": "Aubriella Mansfield",
      "phoneNumber": "0164832892",
      "vaccinationStatus": 1
    },
    {
      "name": "Corvin Barbieri",
      "phoneNumber": "0167708113",
      "vaccinationStatus": 1
    },
    {
      "name": "Amaia Scherer",
      "phoneNumber": "0145394161",
      "vaccinationStatus": 1
    },
    {
      "name": "Natalee Aviles",
      "phoneNumber": "0129929407",
      "vaccinationStatus": 1
    },
    {
      "name": "Tariah Fowlkes",
      "phoneNumber": "0148577327",
      "vaccinationStatus": 1
    },
    {
      "name": "Apryl Grote",
      "phoneNumber": "0191873468",
      "vaccinationStatus": 1
    },
    {
      "name": "Tanay Noles",
      "phoneNumber": "0198206868",
      "vaccinationStatus": 1
    },
    {
      "name": "Kaylon Ingham",
      "phoneNumber": "0184684702",
      "vaccinationStatus": 1
    },
    {
      "name": "Viana Towner",
      "phoneNumber": "0144287692",
      "vaccinationStatus": 1
    },
    {
      "name": "Royce Edward",
      "phoneNumber": "0192352760",
      "vaccinationStatus": 1
    },
    {
      "name": "Jamia Donley",
      "phoneNumber": "0186546777",
      "vaccinationStatus": 1
    },
    {
      "name": "Brylynn Cipriano",
      "phoneNumber": "0188681279",
      "vaccinationStatus": 1
    },
    {
      "name": "Jimena Ponce",
      "phoneNumber": "0128903676",
      "vaccinationStatus": 1
    },
    {
      "name": "Acen Alvares",
      "phoneNumber": "0125231930",
      "vaccinationStatus": 1
    },
    {
      "name": "Jaqueline Broughton",
      "phoneNumber": "0196319013",
      "vaccinationStatus": 1
    },
    {
      "name": "Braven Folk",
      "phoneNumber": "0144231663",
      "vaccinationStatus": 1
    },
    {
      "name": "Elani Jurado",
      "phoneNumber": "0186933030",
      "vaccinationStatus": 1
    },
    {
      "name": "Ron Ousley",
      "phoneNumber": "0127196531",
      "vaccinationStatus": 1
    },
    {
      "name": "Hamad Chabot",
      "phoneNumber": "0196396570",
      "vaccinationStatus": 1
    },
    {
      "name": "September Kratzer",
      "phoneNumber": "0125031365",
      "vaccinationStatus": 1
    },
    {
      "name": "Amanda Mcdowell",
      "phoneNumber": "0183141291",
      "vaccinationStatus": 1
    },
    {
      "name": "Malka Winslow",
      "phoneNumber": "0163819312",
      "vaccinationStatus": 1
    },
    {
      "name": "Brian Dominguez",
      "phoneNumber": "0124019597",
      "vaccinationStatus": 1
    },
    {
      "name": "Dewayne Thatcher",
      "phoneNumber": "0194733139",
      "vaccinationStatus": 1
    },
    {
      "name": "Alayah Mayfield",
      "phoneNumber": "0124657512",
      "vaccinationStatus": 1
    },
    {
      "name": "Solara Parkin",
      "phoneNumber": "0195497803",
      "vaccinationStatus": 1
    },
    {
      "name": "Gianna Larson",
      "phoneNumber": "0168833386",
      "vaccinationStatus": 1
    },
    {
      "name": "Payson Hargrave",
      "phoneNumber": "0142148353",
      "vaccinationStatus": 1
    },
    {
      "name": "Jameria Lipinski",
      "phoneNumber": "0194575243",
      "vaccinationStatus": 1
    },
    {
      "name": "Denisse Matson",
      "phoneNumber": "0191524890",
      "vaccinationStatus": 1
    },
    {
      "name": "Blessin Jepson",
      "phoneNumber": "0143388817",
      "vaccinationStatus": 1
    },
    {
      "name": "Layne Peterman",
      "phoneNumber": "0123794333",
      "vaccinationStatus": 1
    },
    {
      "name": "Quinton Gustafson",
      "phoneNumber": "0199277968",
      "vaccinationStatus": 1
    },
    {
      "name": "Aniah Jonas",
      "phoneNumber": "0143505071",
      "vaccinationStatus": 1
    },
    {
      "name": "Ceasar Burlingame",
      "phoneNumber": "0169567736",
      "vaccinationStatus": 1
    },
    {
      "name": "Hamza Saldana",
      "phoneNumber": "0121504485",
      "vaccinationStatus": 1
    },
    {
      "name": "Lauren Newman",
      "phoneNumber": "0141475490",
      "vaccinationStatus": 1
    },
    {
      "name": "Zaki Massa",
      "phoneNumber": "0149055851",
      "vaccinationStatus": 1
    },
    {
      "name": "Journey Kirk",
      "phoneNumber": "0127639536",
      "vaccinationStatus": 1
    },
    {
      "name": "Layana Stutts",
      "phoneNumber": "0149186276",
      "vaccinationStatus": 1
    },
    {
      "name": "Deshawn Brunner",
      "phoneNumber": "0129874967",
      "vaccinationStatus": 1
    },
    {
      "name": "Shaniya Marx",
      "phoneNumber": "0169275886",
      "vaccinationStatus": 1
    },
    {
      "name": "Mika Lander",
      "phoneNumber": "0186981719",
      "vaccinationStatus": 1
    },
    {
      "name": "Jace Griffin",
      "phoneNumber": "0123111249",
      "vaccinationStatus": 1
    },
    {
      "name": "Aylani Gormley",
      "phoneNumber": "0145773575",
      "vaccinationStatus": 1
    },
    {
      "name": "Adia Pleasant",
      "phoneNumber": "0196301695",
      "vaccinationStatus": 1
    },
    {
      "name": "Adison Albritton",
      "phoneNumber": "0185642859",
      "vaccinationStatus": 1
    },
    {
      "name": "Jireh Mortenson",
      "phoneNumber": "0197587925",
      "vaccinationStatus": 1
    },
    {
      "name": "Kaori Cavallo",
      "phoneNumber": "0189741952",
      "vaccinationStatus": 1
    },
    {
      "name": "Legend Mulkey",
      "phoneNumber": "0199149956",
      "vaccinationStatus": 1
    },
    {
      "name": "Cam Langdon",
      "phoneNumber": "0127191588",
      "vaccinationStatus": 1
    },
    {
      "name": "Sampson Engler",
      "phoneNumber": "0165377012",
      "vaccinationStatus": 1
    },
    {
      "name": "Azael Jaimes",
      "phoneNumber": "0145759355",
      "vaccinationStatus": 1
    },
    {
      "name": "Logan White",
      "phoneNumber": "0127467192",
      "vaccinationStatus": 1
    },
    {
      "name": "Dariela Haider",
      "phoneNumber": "0184209981",
      "vaccinationStatus": 1
    },
    {
      "name": "Gage Waters",
      "phoneNumber": "0162626132",
      "vaccinationStatus": 1
    },
    {
      "name": "Erwin Bosworth",
      "phoneNumber": "0184468077",
      "vaccinationStatus": 1
    },
    {
      "name": "Jamal Irvin",
      "phoneNumber": "0187623681",
      "vaccinationStatus": 1
    },
    {
      "name": "Kysen Redmon",
      "phoneNumber": "0141165717",
      "vaccinationStatus": 1
    },
    {
      "name": "Micayla Kell",
      "phoneNumber": "0127039410",
      "vaccinationStatus": 1
    },
    {
      "name": "Braxtin Lampert",
      "phoneNumber": "0184276730",
      "vaccinationStatus": 1
    },
    {
      "name": "Hayden Potter",
      "phoneNumber": "0199383802",
      "vaccinationStatus": 1
    },
    {
      "name": "Menaal Thibeault",
      "phoneNumber": "0168622099",
      "vaccinationStatus": 1
    },
    {
      "name": "Elisabeth Teague",
      "phoneNumber": "0145783689",
      "vaccinationStatus": 1
    },
    {
      "name": "Cerenity Barreto",
      "phoneNumber": "0186652053",
      "vaccinationStatus": 1
    },
    {
      "name": "Braelee Coots",
      "phoneNumber": "0192866459",
      "vaccinationStatus": 1
    },
    {
      "name": "Messiah Farina",
      "phoneNumber": "0124295682",
      "vaccinationStatus": 1
    },
    {
      "name": "Amin Iglesias",
      "phoneNumber": "0184007325",
      "vaccinationStatus": 1
    },
    {
      "name": "Jayanna Lattimore",
      "phoneNumber": "0145743304",
      "vaccinationStatus": 1
    },
    {
      "name": "Isabelle Vargas",
      "phoneNumber": "0168202129",
      "vaccinationStatus": 1
    },
    {
      "name": "Madix Lakin",
      "phoneNumber": "0198976213",
      "vaccinationStatus": 1
    },
    {
      "name": "Ayson Wilkey",
      "phoneNumber": "0196417358",
      "vaccinationStatus": 1
    },
    {
      "name": "Arnav Haddad",
      "phoneNumber": "0145782099",
      "vaccinationStatus": 1
    },
    {
      "name": "Von Leffler",
      "phoneNumber": "0122548603",
      "vaccinationStatus": 1
    },
    {
      "name": "Christianna Clanton",
      "phoneNumber": "0144259175",
      "vaccinationStatus": 1
    },
    {
      "name": "Noemi Hurtado",
      "phoneNumber": "0185227555",
      "vaccinationStatus": 1
    },
    {
      "name": "Laiba Lennox",
      "phoneNumber": "0182202536",
      "vaccinationStatus": 1
    },
    {
      "name": "Madyson Hoang",
      "phoneNumber": "0166349804",
      "vaccinationStatus": 1
    },
    {
      "name": "Zaniya Collazo",
      "phoneNumber": "0166209486",
      "vaccinationStatus": 1
    },
    {
      "name": "Lynlee Weems",
      "phoneNumber": "0123727839",
      "vaccinationStatus": 1
    },
    {
      "name": "Zeynep Sink",
      "phoneNumber": "0194045548",
      "vaccinationStatus": 1
    },
    {
      "name": "Gisell Ebner",
      "phoneNumber": "0124739322",
      "vaccinationStatus": 1
    },
    {
      "name": "Kallan Leonardo",
      "phoneNumber": "0161779276",
      "vaccinationStatus": 1
    },
    {
      "name": "Lexy Whitehurst",
      "phoneNumber": "0182037939",
      "vaccinationStatus": 1
    },
    {
      "name": "Mikhael Kimbrell",
      "phoneNumber": "0147766502",
      "vaccinationStatus": 1
    },
    {
      "name": "Irving Fahey",
      "phoneNumber": "0189692735",
      "vaccinationStatus": 1
    },
    {
      "name": "Kainoa Dodds",
      "phoneNumber": "0143114601",
      "vaccinationStatus": 1
    },
    {
      "name": "Ariya Sterling",
      "phoneNumber": "0122704866",
      "vaccinationStatus": 1
    },
    {
      "name": "Jabril Gerald",
      "phoneNumber": "0147895836",
      "vaccinationStatus": 1
    },
    {
      "name": "Eiza Laster",
      "phoneNumber": "0126883210",
      "vaccinationStatus": 1
    },
    {
      "name": "Kale Moya",
      "phoneNumber": "0121981342",
      "vaccinationStatus": 1
    },
    {
      "name": "Sincere Dunbar",
      "phoneNumber": "0188391509",
      "vaccinationStatus": 1
    },
    {
      "name": "Krishna Bickel",
      "phoneNumber": "0193731820",
      "vaccinationStatus": 1
    },
    {
      "name": "Jaelyn Mckibben",
      "phoneNumber": "0186688817",
      "vaccinationStatus": 1
    },
    {
      "name": "Alyna Keane",
      "phoneNumber": "0128597686",
      "vaccinationStatus": 1
    },
    {
      "name": "Sherlyn Navarrete",
      "phoneNumber": "0197132258",
      "vaccinationStatus": 1
    },
    {
      "name": "Silvestre Petterson",
      "phoneNumber": "0141535201",
      "vaccinationStatus": 1
    },
    {
      "name": "Sawyer Hunt",
      "phoneNumber": "0146194531",
      "vaccinationStatus": 1
    },
    {
      "name": "Whitten Tunnell",
      "phoneNumber": "0146884489",
      "vaccinationStatus": 1
    },
    {
      "name": "Kyrell Pankey",
      "phoneNumber": "0183441098",
      "vaccinationStatus": 1
    },
    {
      "name": "Magaly Reitz",
      "phoneNumber": "0125909446",
      "vaccinationStatus": 1
    },
    {
      "name": "Masen Rincon",
      "phoneNumber": "0188514412",
      "vaccinationStatus": 1
    },
    {
      "name": "Chanel Seymour",
      "phoneNumber": "0145657331",
      "vaccinationStatus": 1
    },
    {
      "name": "Pavel Santo",
      "phoneNumber": "0163155925",
      "vaccinationStatus": 1
    },
    {
      "name": "Florencia Heyer",
      "phoneNumber": "0143189803",
      "vaccinationStatus": 1
    },
    {
      "name": "Coralee Riordan",
      "phoneNumber": "0197349498",
      "vaccinationStatus": 1
    },
    {
      "name": "Ryne Binns",
      "phoneNumber": "0147697735",
      "vaccinationStatus": 1
    },
    {
      "name": "Aidan Vaughn",
      "phoneNumber": "0186036811",
      "vaccinationStatus": 1
    },
    {
      "name": "Tylor Bly",
      "phoneNumber": "0189069132",
      "vaccinationStatus": 1
    },
    {
      "name": "Milagros Godinez",
      "phoneNumber": "0145397925",
      "vaccinationStatus": 1
    },
    {
      "name": "Messiah Maxwell",
      "phoneNumber": "0183104870",
      "vaccinationStatus": 1
    },
    {
      "name": "Shulem Pagel",
      "phoneNumber": "0186069585",
      "vaccinationStatus": 1
    },
    {
      "name": "Kolbi Doster",
      "phoneNumber": "0165669906",
      "vaccinationStatus": 1
    },
    {
      "name": "Eli Wood",
      "phoneNumber": "0127845434",
      "vaccinationStatus": 1
    },
    {
      "name": "Autum Lowther",
      "phoneNumber": "0123014224",
      "vaccinationStatus": 1
    },
    {
      "name": "Mykah Alfred",
      "phoneNumber": "0141007605",
      "vaccinationStatus": 1
    },
    {
      "name": "Grayson Reed",
      "phoneNumber": "0165612918",
      "vaccinationStatus": 1
    },
    {
      "name": "Leeland Havens",
      "phoneNumber": "0187058567",
      "vaccinationStatus": 1
    }
  ]